zona_id,zona_nombre,anio,mes,mes_nombre,muestras_zona,calles_relevadas,tipo_registro,servicio_clave,servicio_nombre,criterio_evaluado,pct_insatisfaccion,respuestas_total,muy_bien_cant,muy_bien_pct,bien_cant,bien_pct,regular_cant,regular_pct,mal_cant,mal_pct,muy_mal_cant,muy_mal_pct,ns_nc_cant,ns_nc_pct,otras_opciones,desglose_original,obras_mas_pedidas
1,Área 1 — Bo. San Martín — Sector 1,2026,1,Enero,49,"Manco Capac, Miguel Ángel, José Verdi, E. Jenner, Lope de Vega, Paul Harris",servicio,alumbrado,Alumbrado público,"Califica alumbrado público como ""mal""",2,49,28,57.1,16,32.7,4,8.2,1,2,0,0,0,0,,Muy bien 28 · Bien 16 · Regular 4 · Mal 1,
1,Área 1 — Bo. San Martín — Sector 1,2026,1,Enero,49,"Manco Capac, Miguel Ángel, José Verdi, E. Jenner, Lope de Vega, Paul Harris",servicio,residuos,Recolección de residuos,"Califica recolección de residuos como ""mal""",0,49,35,71.4,13,26.5,1,2,0,0,0,0,0,0,,Muy bien 35 · Bien 13 · Regular 1,
1,Área 1 — Bo. San Martín — Sector 1,2026,1,Enero,49,"Manco Capac, Miguel Ángel, José Verdi, E. Jenner, Lope de Vega, Paul Harris",servicio,desmalezado,Limpieza de baldíos / yuyos,"Califica desmalezado como ""mal""",16.3,49,18,36.7,14,28.6,8,16.3,8,16.3,0,0,1,2,,Muy bien 18 · Bien 14 · Regular 8 · Mal 8 · Ns/Nc 1,
1,Área 1 — Bo. San Martín — Sector 1,2026,1,Enero,49,"Manco Capac, Miguel Ángel, José Verdi, E. Jenner, Lope de Vega, Paul Harris",servicio,calles,Estado de calles,"Califica estado de la calle como ""mal""",20.4,49,14,28.6,7,14.3,18,36.7,10,20.4,0,0,0,0,,Muy bien 14 · Bien 7 · Regular 18 · Mal 10,
1,Área 1 — Bo. San Martín — Sector 1,2026,1,Enero,49,"Manco Capac, Miguel Ángel, José Verdi, E. Jenner, Lope de Vega, Paul Harris",pregunta_especial,cordon_cuneta,Opinión cordón cuneta participativo,Opinión sobre hacer cordón cuneta juntos (Muni y vecinos),62.5,49,0,0,0,0,0,0,0,0,0,0,0,0,Muy buena idea: 62.5% | Me da lo mismo: 25% | No me parece: 12.5%,Muy buena idea 62.5% · Me da lo mismo 25.0% · No me parece 12.5%,
1,Área 1 — Bo. San Martín — Sector 1,2026,1,Enero,49,"Manco Capac, Miguel Ángel, José Verdi, E. Jenner, Lope de Vega, Paul Harris",pregunta_especial,cuota_cordon,Cuota mensual cordón cuneta y adoquinado,Cuota mensual que podrían afrontar para cordón cuneta y adoquinado,55.1,49,0,0,0,0,0,0,0,0,0,0,0,0,No podría sumarse: 55.1% | $30.000/mes: 36.7% | $40.000/mes: 6.1%,No podría sumarse 55.1% · $30.000/mes 36.7% · $40.000/mes 6.1%,
2,Área 2 — Bo. San Martín — Sector 2,2026,1,Enero,43,"Juana Azurduy de Padilla, Misiones, S. De La Barrera, E. Jenner, E. Jautz, S. de Thompson, Colombia, Santa Cruz, San Luis, México",servicio,alumbrado,Alumbrado público,"Califica alumbrado público como ""mal""",11.6,43,20,46.5,18,41.9,0,0,5,11.6,0,0,0,0,,Muy bien 20 · Bien 18 · Mal 5,
2,Área 2 — Bo. San Martín — Sector 2,2026,1,Enero,43,"Juana Azurduy de Padilla, Misiones, S. De La Barrera, E. Jenner, E. Jautz, S. de Thompson, Colombia, Santa Cruz, San Luis, México",servicio,residuos,Recolección de residuos,"Califica recolección de residuos como ""mal""",9.3,43,21,48.8,18,41.9,0,0,4,9.3,0,0,0,0,,Muy bien 21 · Bien 18 · Mal 4,
2,Área 2 — Bo. San Martín — Sector 2,2026,1,Enero,43,"Juana Azurduy de Padilla, Misiones, S. De La Barrera, E. Jenner, E. Jautz, S. de Thompson, Colombia, Santa Cruz, San Luis, México",servicio,desmalezado,Limpieza de baldíos / yuyos,"Califica desmalezado como ""mal""",27.9,43,5,11.6,12,27.9,13,30.2,12,27.9,0,0,1,2.3,,Muy bien 5 · Bien 12 · Regular 13 · Mal 12 · Ns/Nc 1,
2,Área 2 — Bo. San Martín — Sector 2,2026,1,Enero,43,"Juana Azurduy de Padilla, Misiones, S. De La Barrera, E. Jenner, E. Jautz, S. de Thompson, Colombia, Santa Cruz, San Luis, México",servicio,calles,Estado de calles,"Califica estado de la calle como ""mal""",53.5,43,2,4.7,7,16.3,11,25.6,23,53.5,0,0,0,0,,Muy bien 2 · Bien 7 · Regular 11 · Mal 23,
2,Área 2 — Bo. San Martín — Sector 2,2026,1,Enero,43,"Juana Azurduy de Padilla, Misiones, S. De La Barrera, E. Jenner, E. Jautz, S. de Thompson, Colombia, Santa Cruz, San Luis, México",servicio,riego,Riego y desagües,"Califica riego de la calle como ""mal""",60.5,43,3,7,7,16.3,7,16.3,26,60.5,0,0,0,0,,Muy bien 3 · Bien 7 · Regular 7 · Mal 26,
2,Área 2 — Bo. San Martín — Sector 2,2026,1,Enero,43,"Juana Azurduy de Padilla, Misiones, S. De La Barrera, E. Jenner, E. Jautz, S. de Thompson, Colombia, Santa Cruz, San Luis, México",pregunta_especial,cordon_cuneta,Opinión cordón cuneta participativo,Opinión sobre hacer cordón cuneta juntos (Muni y vecinos),93,43,0,0,0,0,0,0,0,0,0,0,0,0,Muy buena idea: 93% | Me da lo mismo: 7%,Muy buena idea 93.0% · Me da lo mismo 7.0%,
2,Área 2 — Bo. San Martín — Sector 2,2026,1,Enero,43,"Juana Azurduy de Padilla, Misiones, S. De La Barrera, E. Jenner, E. Jautz, S. de Thompson, Colombia, Santa Cruz, San Luis, México",pregunta_especial,cuota_cordon,Cuota mensual cordón cuneta y adoquinado,Cuota mensual que podrían afrontar para cordón cuneta y adoquinado,46.5,43,0,0,0,0,0,0,0,0,0,0,0,0,$30.000/mes: 46.5% | No podría sumarse: 44.2% | $40.000/mes: 4.7%,$30.000/mes 46.5% · No podría sumarse 44.2% · $40.000/mes 4.7%,
3,Área 3 — Fray Quirico Porreca (Banda Norte / La Agustina),2026,1,Enero,48,"Fray Quirico Porreca, Laguna Blanca, Av. Marcelo T. de Alvear",servicio,alumbrado,Alumbrado público,"Califica alumbrado público como ""mal""",6.3,48,12,25,27,56.3,5,10.4,3,6.3,0,0,1,2.1,,Muy bien 25.0% · Bien 56.3% · Regular 10.4% · Mal 6.3% · Ns/Nc 2.1%,"Obras más pedidas por los vecinos: Mantenimiento del arbolado y espacios verdes · Infraestructura vial y urbanismo (pavimentación, cordón cuneta, drenaje, seguridad vial) · Iluminación y seguridad · Espacios públicos y recreación · Servicios públicos y medio ambiente"
3,Área 3 — Fray Quirico Porreca (Banda Norte / La Agustina),2026,1,Enero,48,"Fray Quirico Porreca, Laguna Blanca, Av. Marcelo T. de Alvear",servicio,residuos,Recolección de residuos,"Califica recolección de residuos como ""mal""",8.3,48,10,20.8,26,54.2,8,16.7,4,8.3,0,0,0,0,,Muy bien 20.8% · Bien 54.2% · Regular 16.7% · Mal 8.3%,"Obras más pedidas por los vecinos: Mantenimiento del arbolado y espacios verdes · Infraestructura vial y urbanismo (pavimentación, cordón cuneta, drenaje, seguridad vial) · Iluminación y seguridad · Espacios públicos y recreación · Servicios públicos y medio ambiente"
3,Área 3 — Fray Quirico Porreca (Banda Norte / La Agustina),2026,1,Enero,48,"Fray Quirico Porreca, Laguna Blanca, Av. Marcelo T. de Alvear",servicio,desmalezado,Limpieza de baldíos / yuyos,"Califica desmalezado como ""mal""",20.8,48,2,4.2,16,33.3,12,25,10,20.8,0,0,8,16.7,,Muy bien 4.2% · Bien 33.3% · Regular 25.0% · Mal 20.8% · Ns/Nc 16.7%,"Obras más pedidas por los vecinos: Mantenimiento del arbolado y espacios verdes · Infraestructura vial y urbanismo (pavimentación, cordón cuneta, drenaje, seguridad vial) · Iluminación y seguridad · Espacios públicos y recreación · Servicios públicos y medio ambiente"
3,Área 3 — Fray Quirico Porreca (Banda Norte / La Agustina),2026,1,Enero,48,"Fray Quirico Porreca, Laguna Blanca, Av. Marcelo T. de Alvear",servicio,calles,Estado de calles,"Califica estado de la calle como ""mal""",37.5,48,1,2.1,11,22.9,18,37.5,18,37.5,0,0,0,0,,Muy bien 2.1% · Bien 22.9% · Regular 37.5% · Mal 37.5%,"Obras más pedidas por los vecinos: Mantenimiento del arbolado y espacios verdes · Infraestructura vial y urbanismo (pavimentación, cordón cuneta, drenaje, seguridad vial) · Iluminación y seguridad · Espacios públicos y recreación · Servicios públicos y medio ambiente"
3,Área 3 — Fray Quirico Porreca (Banda Norte / La Agustina),2026,1,Enero,48,"Fray Quirico Porreca, Laguna Blanca, Av. Marcelo T. de Alvear",pregunta_especial,cordon_cuneta,Opinión cordón cuneta participativo,Opinión sobre hacer cordón cuneta juntos (Muni y vecinos),79.1,48,0,0,0,0,0,0,0,0,0,0,0,0,Muy buena idea: 79.1% | Me da lo mismo: 12.5% | No me parece: 6.3% | No aplica: 2.1%,Muy buena idea 79.1% · Me da lo mismo 12.5% · No me parece 6.3% · No aplica 2.1%,"Obras más pedidas por los vecinos: Mantenimiento del arbolado y espacios verdes · Infraestructura vial y urbanismo (pavimentación, cordón cuneta, drenaje, seguridad vial) · Iluminación y seguridad · Espacios públicos y recreación · Servicios públicos y medio ambiente"
3,Área 3 — Fray Quirico Porreca (Banda Norte / La Agustina),2026,1,Enero,48,"Fray Quirico Porreca, Laguna Blanca, Av. Marcelo T. de Alvear",pregunta_especial,cuota_cordon,Cuota mensual cordón cuneta y adoquinado,Cuota mensual que podrían afrontar para cordón cuneta y adoquinado,64.5,48,0,0,0,0,0,0,0,0,0,0,0,0,No podría sumarse: 64.5% | $30.000/mes: 27.1% | $40.000/mes: 4.2% | No aplica: 2.1%,No podría sumarse 64.5% · $30.000/mes 27.1% · $40.000/mes 4.2% · No aplica 2.1%,"Obras más pedidas por los vecinos: Mantenimiento del arbolado y espacios verdes · Infraestructura vial y urbanismo (pavimentación, cordón cuneta, drenaje, seguridad vial) · Iluminación y seguridad · Espacios públicos y recreación · Servicios públicos y medio ambiente"
3,Área 3 — Fray Quirico Porreca (Banda Norte / La Agustina),2026,1,Enero,48,"Fray Quirico Porreca, Laguna Blanca, Av. Marcelo T. de Alvear",servicio,calles,Estado de calles,¿Aprovechar el otro lado de la calle para una bicisenda?,75,48,0,0,0,0,0,0,0,0,0,0,4,8.3,Me parece buena idea: 75% | No me parece buena idea: 16.7%,Me parece buena idea 75.0% · No me parece buena idea 16.7% · Ns/Nc 8.3%,"Obras más pedidas por los vecinos: Mantenimiento del arbolado y espacios verdes · Infraestructura vial y urbanismo (pavimentación, cordón cuneta, drenaje, seguridad vial) · Iluminación y seguridad · Espacios públicos y recreación · Servicios públicos y medio ambiente"
3,Área 3 — Fray Quirico Porreca (Banda Norte / La Agustina),2026,1,Enero,48,"Fray Quirico Porreca, Laguna Blanca, Av. Marcelo T. de Alvear",servicio,calles,Estado de calles,¿Cambiar algunas calles a sentido único mejoraría el tránsito?,56.3,48,0,0,0,0,0,0,0,0,0,0,5,10.4,De acuerdo: 56.3% | No de acuerdo: 33.3%,De acuerdo 56.3% · No de acuerdo 33.3% · Ns/Nc 10.4%,"Obras más pedidas por los vecinos: Mantenimiento del arbolado y espacios verdes · Infraestructura vial y urbanismo (pavimentación, cordón cuneta, drenaje, seguridad vial) · Iluminación y seguridad · Espacios públicos y recreación · Servicios públicos y medio ambiente"
4,Área 4 — Bo. Castelli 1,2026,2,Febrero,33,,servicio,alumbrado,Alumbrado público,"Califica alumbrado público como ""mal""",9.1,33,11,33.3,17,51.5,2,6.1,3,9.1,0,0,0,0,,Muy bien 33.3% · Bien 51.5% · Regular 6.1% · Mal 9.1%,"Obras más pedidas por los vecinos: Infraestructura vial y pavimentación (57,6% de las respuestas) · Seguridad ciudadana (18,2%) · Salud y servicios públicos — CGM/Salita (12,1%) · Medio ambiente y espacios públicos (9,1%) · Servicios básicos (3,0%)"
4,Área 4 — Bo. Castelli 1,2026,2,Febrero,33,,servicio,residuos,Recolección de residuos,"Califica recolección de residuos como ""mal""",6.1,33,8,24.2,20,60.6,3,9.1,2,6.1,0,0,0,0,,Muy bien 24.2% · Bien 60.6% · Regular 9.1% · Mal 6.1%,"Obras más pedidas por los vecinos: Infraestructura vial y pavimentación (57,6% de las respuestas) · Seguridad ciudadana (18,2%) · Salud y servicios públicos — CGM/Salita (12,1%) · Medio ambiente y espacios públicos (9,1%) · Servicios básicos (3,0%)"
4,Área 4 — Bo. Castelli 1,2026,2,Febrero,33,,servicio,desmalezado,Limpieza de baldíos / yuyos,"Califica desmalezado como ""mal""",15.2,33,1,3,18,54.5,9,27.3,5,15.2,0,0,0,0,,Muy bien 3.0% · Bien 54.5% · Regular 27.3% · Mal 15.2%,"Obras más pedidas por los vecinos: Infraestructura vial y pavimentación (57,6% de las respuestas) · Seguridad ciudadana (18,2%) · Salud y servicios públicos — CGM/Salita (12,1%) · Medio ambiente y espacios públicos (9,1%) · Servicios básicos (3,0%)"
4,Área 4 — Bo. Castelli 1,2026,2,Febrero,33,,servicio,calles,Estado de calles,"Califica estado de la calle como ""mal""",54.5,33,1,3,4,12.1,9,27.3,18,54.5,0,0,1,3.1,,Muy bien 3.0% · Bien 12.1% · Regular 27.3% · Mal 54.5% · Ns/Nc 3.1%,"Obras más pedidas por los vecinos: Infraestructura vial y pavimentación (57,6% de las respuestas) · Seguridad ciudadana (18,2%) · Salud y servicios públicos — CGM/Salita (12,1%) · Medio ambiente y espacios públicos (9,1%) · Servicios básicos (3,0%)"
4,Área 4 — Bo. Castelli 1,2026,2,Febrero,33,,servicio,riego,Riego y desagües,"Califica riego de la calle como ""mal""",39.4,33,1,3.1,8,24.2,11,33.3,13,39.4,0,0,0,0,,Muy bien 3.1% · Bien 24.2% · Regular 33.3% · Mal 39.4%,"Obras más pedidas por los vecinos: Infraestructura vial y pavimentación (57,6% de las respuestas) · Seguridad ciudadana (18,2%) · Salud y servicios públicos — CGM/Salita (12,1%) · Medio ambiente y espacios públicos (9,1%) · Servicios básicos (3,0%)"
4,Área 4 — Bo. Castelli 1,2026,2,Febrero,33,,pregunta_especial,cordon_cuneta,Opinión cordón cuneta participativo,Opinión sobre hacer cordón cuneta juntos (Muni y vecinos),84.8,33,0,0,0,0,0,0,0,0,0,0,0,0,Muy buena idea: 84.8% | Me da lo mismo: 9.1% | No me parece: 6.1%,Muy buena idea 84.8% · Me da lo mismo 9.1% · No me parece 6.1%,"Obras más pedidas por los vecinos: Infraestructura vial y pavimentación (57,6% de las respuestas) · Seguridad ciudadana (18,2%) · Salud y servicios públicos — CGM/Salita (12,1%) · Medio ambiente y espacios públicos (9,1%) · Servicios básicos (3,0%)"
4,Área 4 — Bo. Castelli 1,2026,2,Febrero,33,,pregunta_especial,cuota_cordon,Cuota mensual cordón cuneta y adoquinado,Cuota mensual que podrían afrontar para cordón cuneta y adoquinado,42.4,33,0,0,0,0,0,0,0,0,0,0,0,0,$30.000/mes: 42.4% | No podría sumarse: 42.4% | $50.000/mes: 9.1% | $40.000/mes: 6.1%,$30.000/mes 42.4% · No podría sumarse 42.4% · $50.000/mes 9.1% · $40.000/mes 6.1%,"Obras más pedidas por los vecinos: Infraestructura vial y pavimentación (57,6% de las respuestas) · Seguridad ciudadana (18,2%) · Salud y servicios públicos — CGM/Salita (12,1%) · Medio ambiente y espacios públicos (9,1%) · Servicios básicos (3,0%)"
5,Área 5 — Bo. San Martín — Sector 3,2026,2,Febrero,46,,servicio,alumbrado,Alumbrado público,"Califica alumbrado público como ""mal""",10.9,46,10,21.7,19,41.3,11,23.9,5,10.9,0,0,1,2.2,,Muy bien 21.7% · Bien 41.3% · Regular 23.9% · Mal 10.9% · Ns/Nc 2.2%,
5,Área 5 — Bo. San Martín — Sector 3,2026,2,Febrero,46,,servicio,residuos,Recolección de residuos,"Califica recolección de residuos como ""mal""",10.9,46,12,26.1,11,23.9,17,37,5,10.9,0,0,1,2.2,,Muy bien 26.1% · Bien 23.9% · Regular 37.0% · Mal 10.9% · Ns/Nc 2.2%,
5,Área 5 — Bo. San Martín — Sector 3,2026,2,Febrero,46,,servicio,desmalezado,Limpieza de baldíos / yuyos,"Califica desmalezado como ""mal""",15.2,46,3,6.5,11,23.9,24,52.2,7,15.2,0,0,1,2.2,,Muy bien 6.5% · Bien 23.9% · Regular 52.2% · Mal 15.2% · Ns/Nc 2.2%,
5,Área 5 — Bo. San Martín — Sector 3,2026,2,Febrero,46,,servicio,calles,Estado de calles,"Califica estado de la calle como ""mal""",26.1,46,3,6.5,9,19.6,22,47.8,12,26.1,0,0,0,0,,Muy bien 6.5% · Bien 19.6% · Regular 47.8% · Mal 26.1%,
5,Área 5 — Bo. San Martín — Sector 3,2026,2,Febrero,46,,servicio,riego,Riego y desagües,"Califica riego de la calle como ""mal""",21.7,46,5,10.9,6,13,24,52.2,10,21.7,0,0,1,2.2,,Muy bien 10.9% · Bien 13.0% · Regular 52.2% · Mal 21.7% · Ns/Nc 2.2%,
6,Área 6 — Nueva Argentina,2026,4,Abril,114,,servicio,alumbrado,Alumbrado público,"Califica alumbrado público como ""mal"" o ""muy mal""",28.9,114,29,25.4,52,45.6,0,0,21,18.4,12,10.5,0,0,,Muy bien 29 · Bien 52 · Mal 21 · Muy mal 12,
6,Área 6 — Nueva Argentina,2026,4,Abril,114,,servicio,residuos,Recolección de residuos,"Califica recolección de residuos como ""mal"" o ""muy mal""",29.8,114,17,14.9,63,55.3,0,0,20,17.5,14,12.3,0,0,,Muy bien 17 · Bien 63 · Mal 20 · Muy mal 14,
6,Área 6 — Nueva Argentina,2026,4,Abril,114,,servicio,desmalezado,Limpieza de baldíos / yuyos,"Califica limpieza de baldíos / yuyos como ""mal"" o ""muy mal""",65.8,114,4,3.5,27,23.7,0,0,36,31.6,39,34.2,8,7,,Muy bien 4 · Bien 27 · Mal 36 · Muy mal 39 · Ns/Nc 8,
6,Área 6 — Nueva Argentina,2026,4,Abril,114,,servicio,calles,Estado de calles,"Califica estado de calles como ""mal"" o ""muy mal""",70.2,114,5,4.4,26,22.8,0,0,33,28.9,47,41.2,3,2.6,,Muy bien 5 · Bien 26 · Mal 33 · Muy mal 47 · Ns/Nc 3,
6,Área 6 — Nueva Argentina,2026,4,Abril,114,,servicio,riego,Riego y desagües,"Califica riego / desagües como ""mal"" o ""muy mal""",59.6,114,6,5.3,32,28.1,0,0,26,22.8,42,36.8,8,7,,Muy bien 6 · Bien 32 · Mal 26 · Muy mal 42 · Ns/Nc 8,
7,Área 7 — Jardín (Oeste),2026,5,Mayo,41,,servicio,alumbrado,Alumbrado público,"Califica alumbrado público como ""mal"" o ""muy mal""",12.2,41,10,24.4,26,63.4,0,0,3,7.3,2,4.9,0,0,,Muy bien 10 · Bien 26 · Mal 3 · Muy mal 2,
7,Área 7 — Jardín (Oeste),2026,5,Mayo,41,,servicio,residuos,Recolección de residuos,"Califica recolección de residuos como ""mal"" o ""muy mal""",12.2,41,13,31.7,23,56.1,0,0,5,12.2,0,0,0,0,,Muy bien 13 · Bien 23 · Mal 5,
7,Área 7 — Jardín (Oeste),2026,5,Mayo,41,,servicio,desmalezado,Limpieza de baldíos / yuyos,"Califica limpieza de baldíos / yuyos como ""mal"" o ""muy mal""",29.3,41,6,14.6,22,53.7,0,0,11,26.8,1,2.4,1,2.4,,Muy bien 6 · Bien 22 · Mal 11 · Muy mal 1 · Ns/Nc 1,
7,Área 7 — Jardín (Oeste),2026,5,Mayo,41,,servicio,calles,Estado de calles,"Califica estado de calles como ""mal"" o ""muy mal""",56.1,41,4,9.8,13,31.7,0,0,18,43.9,5,12.2,1,2.4,,Muy bien 4 · Bien 13 · Mal 18 · Muy mal 5 · Ns/Nc 1,
7,Área 7 — Jardín (Oeste),2026,5,Mayo,41,,servicio,riego,Riego y desagües,"Califica riego / desagües como ""mal"" o ""muy mal""",41.5,41,4,9.8,19,46.3,0,0,10,24.4,7,17.1,1,2.4,,Muy bien 4 · Bien 19 · Mal 10 · Muy mal 7 · Ns/Nc 1,
8,"Área 8 — Pueblo Alberdi (Mi Lugar, Mi Sueño 2 y 3)",2026,6,Junio,122,,servicio,alumbrado,Alumbrado público,"Califica alumbrado público como ""mal"" o ""muy mal""",13.9,122,39,32,66,54.1,0,0,13,10.7,4,3.3,0,0,,Muy bien 39 · Bien 66 · Mal 13 · Muy mal 4,
8,"Área 8 — Pueblo Alberdi (Mi Lugar, Mi Sueño 2 y 3)",2026,6,Junio,122,,servicio,residuos,Recolección de residuos,"Califica recolección de residuos como ""mal"" o ""muy mal""",15.6,122,25,20.5,77,63.1,0,0,15,12.3,4,3.3,1,0.8,,Muy bien 25 · Bien 77 · Mal 15 · Muy mal 4 · Ns/Nc 1,
8,"Área 8 — Pueblo Alberdi (Mi Lugar, Mi Sueño 2 y 3)",2026,6,Junio,122,,servicio,desmalezado,Limpieza de baldíos / yuyos,"Califica limpieza de baldíos / yuyos como ""mal"" o ""muy mal""",40.2,122,7,5.7,60,49.2,0,0,36,29.5,13,10.7,6,4.9,,Muy bien 7 · Bien 60 · Mal 36 · Muy mal 13 · Ns/Nc 6,
8,"Área 8 — Pueblo Alberdi (Mi Lugar, Mi Sueño 2 y 3)",2026,6,Junio,122,,servicio,calles,Estado de calles,"Califica estado de calles como ""mal"" o ""muy mal""",51.6,122,13,10.7,43,35.2,0,0,37,30.3,26,21.3,3,2.5,,Muy bien 13 · Bien 43 · Mal 37 · Muy mal 26 · Ns/Nc 3,
8,"Área 8 — Pueblo Alberdi (Mi Lugar, Mi Sueño 2 y 3)",2026,6,Junio,122,,servicio,riego,Riego y desagües,"Califica riego / desagües como ""mal"" o ""muy mal""",46.7,122,5,4.1,27,22.1,0,0,25,20.5,32,26.2,33,27,,Muy bien 5 · Bien 27 · Mal 25 · Muy mal 32 · Ns/Nc 33,
9,Área 9 — Goretti,2026,6,Junio,55,,servicio,alumbrado,Alumbrado público,"Califica alumbrado público como ""mal"" o ""muy mal""",7.3,55,19,34.5,32,58.2,0,0,4,7.3,0,0,0,0,,Muy bien 19 · Bien 32 · Mal 4,
9,Área 9 — Goretti,2026,6,Junio,55,,servicio,residuos,Recolección de residuos,"Califica recolección de residuos como ""mal"" o ""muy mal""",16.4,55,15,27.3,31,56.4,0,0,8,14.5,1,1.8,0,0,,Muy bien 15 · Bien 31 · Mal 8 · Muy mal 1,
9,Área 9 — Goretti,2026,6,Junio,55,,servicio,desmalezado,Limpieza de baldíos / yuyos,"Califica limpieza de baldíos / yuyos como ""mal"" o ""muy mal""",50.9,55,6,10.9,19,34.5,0,0,21,38.2,7,12.7,2,3.6,,Muy bien 6 · Bien 19 · Mal 21 · Muy mal 7 · Ns/Nc 2,
9,Área 9 — Goretti,2026,6,Junio,55,,servicio,calles,Estado de calles,"Califica estado de calles como ""mal"" o ""muy mal""",43.6,55,5,9.1,26,47.3,0,0,22,40,2,3.6,0,0,,Muy bien 5 · Bien 26 · Mal 22 · Muy mal 2,
9,Área 9 — Goretti,2026,6,Junio,55,,servicio,riego,Riego y desagües,"Califica riego / desagües como ""mal"" o ""muy mal""",60,55,7,12.7,14,25.5,0,0,21,38.2,12,21.8,1,1.8,,Muy bien 7 · Bien 14 · Mal 21 · Muy mal 12 · Ns/Nc 1,
10,Área 10 — San Pantaleón,2026,7,Julio,63,,servicio,alumbrado,Alumbrado público,"Califica alumbrado público como ""mal"" o ""muy mal""",20.6,63,14,22.2,36,57.1,0,0,6,9.5,7,11.1,0,0,,Muy bien 14 · Bien 36 · Mal 6 · Muy mal 7,
10,Área 10 — San Pantaleón,2026,7,Julio,63,,servicio,residuos,Recolección de residuos,"Califica recolección de residuos como ""mal"" o ""muy mal""",0,63,31,49.2,32,50.8,0,0,0,0,0,0,0,0,,Muy bien 31 · Bien 32,
10,Área 10 — San Pantaleón,2026,7,Julio,63,,servicio,desmalezado,Limpieza de baldíos / yuyos,"Califica limpieza de baldíos / yuyos como ""mal"" o ""muy mal""",36.5,63,7,11.1,29,46,0,0,14,22.2,9,14.3,4,6.3,,Muy bien 7 · Bien 29 · Mal 14 · Muy mal 9 · Ns/Nc 4,
10,Área 10 — San Pantaleón,2026,7,Julio,63,,servicio,calles,Estado de calles,"Califica estado de calles como ""mal"" o ""muy mal""",61.9,63,9,14.3,15,23.8,0,0,24,38.1,15,23.8,0,0,,Muy bien 9 · Bien 15 · Mal 24 · Muy mal 15,
10,Área 10 — San Pantaleón,2026,7,Julio,63,,servicio,riego,Riego y desagües,"Califica riego / desagües como ""mal"" o ""muy mal""",50.8,63,3,4.8,11,17.5,0,0,17,27,15,23.8,17,27,,Muy bien 3 · Bien 11 · Mal 17 · Muy mal 15 · Ns/Nc 17,
11,Área 11 — Quintitas Golf,2026,7,Julio,41,,servicio,alumbrado,Alumbrado público,"Califica alumbrado público como ""mal"" o ""muy mal""",12.2,41,19,46.3,17,41.5,0,0,5,12.2,0,0,0,0,,Muy bien 19 · Bien 17 · Mal 5,
11,Área 11 — Quintitas Golf,2026,7,Julio,41,,servicio,residuos,Recolección de residuos,"Califica recolección de residuos como ""mal"" o ""muy mal""",12.2,41,19,46.3,17,41.5,0,0,3,7.3,2,4.9,0,0,,Muy bien 19 · Bien 17 · Mal 3 · Muy mal 2,
11,Área 11 — Quintitas Golf,2026,7,Julio,41,,servicio,desmalezado,Limpieza de baldíos / yuyos,"Califica limpieza de baldíos / yuyos como ""mal"" o ""muy mal""",34.1,41,7,17.1,19,46.3,0,0,13,31.7,1,2.4,1,2.4,,Muy bien 7 · Bien 19 · Mal 13 · Muy mal 1 · Ns/Nc 1,
11,Área 11 — Quintitas Golf,2026,7,Julio,41,,servicio,calles,Estado de calles,"Califica estado de calles como ""mal"" o ""muy mal""",26.8,41,9,22,21,51.2,0,0,9,22,2,4.9,0,0,,Muy bien 9 · Bien 21 · Mal 9 · Muy mal 2,
11,Área 11 — Quintitas Golf,2026,7,Julio,41,,servicio,riego,Riego y desagües,"Califica riego / desagües como ""mal"" o ""muy mal""",48.8,41,6,14.6,14,34.1,0,0,10,24.4,10,24.4,1,2.4,,Muy bien 6 · Bien 14 · Mal 10 · Muy mal 10 · Ns/Nc 1,
12,Área 12 — Bo. Alem,2026,8,Agosto,78,,servicio,alumbrado,Alumbrado público,"Califica alumbrado público como ""mal"" o ""muy mal""",0,78,31,39.7,47,60.3,0,0,0,0,0,0,0,0,,Muy bien 31 · Bien 47,
12,Área 12 — Bo. Alem,2026,8,Agosto,78,,servicio,residuos,Recolección de residuos,"Califica recolección de residuos como ""mal"" o ""muy mal""",9,78,21,26.9,50,64.1,0,0,5,6.4,2,2.6,0,0,,Muy bien 21 · Bien 50 · Mal 5 · Muy mal 2,
12,Área 12 — Bo. Alem,2026,8,Agosto,78,,servicio,desmalezado,Limpieza de baldíos / yuyos,"Califica limpieza de baldíos / yuyos como ""mal"" o ""muy mal""",25.6,78,7,9,51,65.4,0,0,15,19.2,5,6.4,0,0,,Muy bien 7 · Bien 51 · Mal 15 · Muy mal 5,
12,Área 12 — Bo. Alem,2026,8,Agosto,78,,servicio,calles,Estado de calles,"Califica estado de calles como ""mal"" o ""muy mal""",41,78,6,7.7,40,51.3,0,0,19,24.4,13,16.7,0,0,,Muy bien 6 · Bien 40 · Mal 19 · Muy mal 13,
12,Área 12 — Bo. Alem,2026,8,Agosto,78,,servicio,riego,Riego y desagües,"Califica riego / desagües como ""mal"" o ""muy mal""",35.9,78,4,5.1,39,50,0,0,21,26.9,7,9,7,9,,Muy bien 4 · Bien 39 · Mal 21 · Muy mal 7 · Ns/Nc 7,
13,Área 13 — Bo. Jardín Norte,2026,9,Septiembre,95,,servicio,alumbrado,Alumbrado público,"Califica alumbrado público como ""mal"" o ""muy mal""",24.2,95,20,21.1,52,54.7,0,0,10,10.5,13,13.7,0,0,,Muy bien 20 · Bien 52 · Mal 10 · Muy mal 13,
13,Área 13 — Bo. Jardín Norte,2026,9,Septiembre,95,,servicio,residuos,Recolección de residuos,"Califica recolección de residuos como ""mal"" o ""muy mal""",18.9,95,21,22.1,56,58.9,0,0,14,14.7,4,4.2,0,0,,Muy bien 21 · Bien 56 · Mal 14 · Muy mal 4,
13,Área 13 — Bo. Jardín Norte,2026,9,Septiembre,95,,servicio,desmalezado,Limpieza de baldíos / yuyos,"Califica limpieza de baldíos / yuyos como ""mal"" o ""muy mal""",41.1,95,13,13.7,41,43.2,0,0,28,29.5,11,11.6,2,2.1,,Muy bien 13 · Bien 41 · Mal 28 · Muy mal 11 · Ns/Nc 2,
13,Área 13 — Bo. Jardín Norte,2026,9,Septiembre,95,,servicio,calles,Estado de calles,"Califica estado de calles como ""mal"" o ""muy mal""",44.2,95,8,8.4,44,46.3,0,0,32,33.7,10,10.5,1,1.1,,Muy bien 8 · Bien 44 · Mal 32 · Muy mal 10 · Ns/Nc 1,
13,Área 13 — Bo. Jardín Norte,2026,9,Septiembre,95,,servicio,riego,Riego y desagües,"Califica riego / desagües como ""mal"" o ""muy mal""",47.4,95,9,9.5,39,41.1,0,0,25,26.3,20,21.1,2,2.1,,Muy bien 9 · Bien 39 · Mal 25 · Muy mal 20 · Ns/Nc 2,
14,Área 14 — Bo. Industrial,2026,10,Octubre,32,,servicio,alumbrado,Alumbrado público,"Califica alumbrado público como ""mal"" o ""muy mal""",0,32,17,53.1,15,46.9,0,0,0,0,0,0,0,0,,Muy bien 17 · Bien 15,
14,Área 14 — Bo. Industrial,2026,10,Octubre,32,,servicio,residuos,Recolección de residuos,"Califica recolección de residuos como ""mal"" o ""muy mal""",3.1,32,19,59.4,12,37.5,0,0,1,3.1,0,0,0,0,,Muy bien 19 · Bien 12 · Mal 1,
14,Área 14 — Bo. Industrial,2026,10,Octubre,32,,servicio,desmalezado,Limpieza de baldíos / yuyos,"Califica limpieza de baldíos / yuyos como ""mal"" o ""muy mal""",18.8,32,14,43.8,10,31.3,0,0,4,12.5,2,6.3,2,6.3,,Muy bien 14 · Bien 10 · Mal 4 · Muy mal 2 · Ns/Nc 2,
14,Área 14 — Bo. Industrial,2026,10,Octubre,32,,servicio,calles,Estado de calles,"Califica estado de calles como ""mal"" o ""muy mal""",28.1,32,9,28.1,14,43.8,0,0,3,9.4,6,18.8,0,0,,Muy bien 9 · Bien 14 · Mal 3 · Muy mal 6,
14,Área 14 — Bo. Industrial,2026,10,Octubre,32,,servicio,riego,Riego y desagües,"Califica riego / desagües como ""mal"" o ""muy mal""",6.3,32,1,3.1,3,9.4,0,0,0,0,2,6.3,26,81.3,,Muy bien 1 · Bien 3 · Muy mal 2 · Ns/Nc 26,